"ID";"Name";"Birth";"Addr";"Mobile1";"Mobile2";"Created"
1;"°­ÈÄµ¿";"1970";"1";"011";"22223333";"2022-08-26 21:00:28"
2;"±èÁ¦µÕ";"1974";"4";"";"";"2022-08-26 21:03:31"
3;"±è±¹Â¡";"1965";"2";"019";"33334444";"2022-08-26 21:04:26"
4;"±è¿ë¸Õ";"1967";"3";"011";"44445555";"2022-08-26 21:04:51"
5;"ÀÌÈ÷Àç";"1971";"2";"011";"88888888";"2022-08-26 21:05:20"
6;"ÀÌ°æ±¸";"1960";"4";"018";"99999999";"2022-08-26 21:05:49"
7;"³²Èñ½»";"1971";"5";"016";"34567890";"2022-08-26 21:06:23"
8;"¹Ú¼öÈï";"1970";"1";"019";"65439876";"2022-08-26 21:07:03"
9;"½Åµ¿¾÷";"1971";"2";"";"";"2022-08-26 21:07:49"
10;"À¯Àç½»";"1972";"1";"011";"11111111";"2022-08-26 21:08:32"
